{
  "active": true,
  "description": "Modeling portfolio",
  "fields": [
    {
      "allow_in_bindings": 0,
      "append": "",
      "aria-label": "",
      "conditional_logic": 0,
      "default_value": "",
      "instructions": "",
      "key": "field_68a6df1a077ac",
      "label": "Agency",
      "maxlength": "",
      "name": "modeling_agency",
      "placeholder": "",
      "prepend": "",
      "required": 0,
      "type": "text",
      "wrapper": {
        "class": "",
        "id": "",
        "width": ""
      }
    },
    {
      "allow_in_bindings": 0,
      "append": "",
      "aria-label": "",
      "conditional_logic": 0,
      "default_value": "",
      "instructions": "",
      "key": "field_68a6dfb9dab05",
      "label": "Photograph",
      "maxlength": "",
      "name": "modeling_photograph",
      "placeholder": "",
      "prepend": "",
      "required": 0,
      "type": "text",
      "wrapper": {
        "class": "",
        "id": "",
        "width": ""
      }
    },
    {
      "allow_in_bindings": 0,
      "append": "",
      "aria-label": "",
      "conditional_logic": 0,
      "default_value": "",
      "instructions": "",
      "key": "field_68a6dfd6dab06",
      "label": "Brand",
      "maxlength": "",
      "name": "modeling_brand",
      "placeholder": "",
      "prepend": "",
      "required": 0,
      "type": "text",
      "wrapper": {
        "class": "",
        "id": "",
        "width": ""
      }
    }
  ],
  "hide_on_screen": "",
  "instruction_placement": "label",
  "key": "group_68a6df1aa12f4",
  "label_placement": "top",
  "location": [
    [
      {
        "operator": "==",
        "param": "post_type",
        "value": "modeling"
      }
    ]
  ],
  "menu_order": 0,
  "position": "normal",
  "show_in_rest": 0,
  "style": "default",
  "title": "Project • Modeling",
  "modified": 1757753322
}
