{
  "active": true,
  "description": "Fine Art Page",
  "fields": [
    {
      "append": "",
      "aria-label": "",
      "conditional_logic": 0,
      "default_value": "",
      "instructions": "",
      "key": "field_66cf1b596b787",
      "label": "Describtion",
      "maxlength": "",
      "name": "describtion",
      "placeholder": "",
      "prepend": "",
      "required": 0,
      "type": "text",
      "wrapper": {
        "class": "",
        "id": "",
        "width": ""
      }
    },
    {
      "allow_in_bindings": 1,
      "aria-label": "",
      "conditional_logic": 0,
      "default_to_current_date": 0,
      "display_format": "Y",
      "first_day": 1,
      "instructions": "",
      "key": "field_66cf1bc86b788",
      "label": "Year",
      "name": "year",
      "required": 0,
      "return_format": "Y",
      "type": "date_picker",
      "wrapper": {
        "class": "",
        "id": "",
        "width": ""
      }
    },
    {
      "allow_in_bindings": 1,
      "append": "",
      "aria-label": "",
      "conditional_logic": 0,
      "default_value": "Canvas",
      "instructions": "",
      "key": "field_66cf1c9c6b78b",
      "label": "Material",
      "maxlength": "",
      "name": "material",
      "placeholder": "",
      "prepend": "",
      "required": 0,
      "type": "text",
      "wrapper": {
        "class": "",
        "id": "",
        "width": ""
      }
    },
    {
      "append": "",
      "aria-label": "",
      "conditional_logic": 0,
      "default_value": "",
      "instructions": "",
      "key": "field_66cf1c0b6b789",
      "label": "w-size",
      "max": "",
      "min": "",
      "name": "w-size",
      "placeholder": "",
      "prepend": "",
      "required": 0,
      "step": "",
      "type": "number",
      "wrapper": {
        "class": "",
        "id": "",
        "width": ""
      }
    },
    {
      "append": "",
      "aria-label": "",
      "conditional_logic": 0,
      "default_value": "",
      "instructions": "",
      "key": "field_66cf1c8d6b78a",
      "label": "h-size",
      "max": "",
      "min": "",
      "name": "h-size",
      "placeholder": "",
      "prepend": "",
      "required": 0,
      "step": "",
      "type": "number",
      "wrapper": {
        "class": "",
        "id": "",
        "width": ""
      }
    }
  ],
  "hide_on_screen": "",
  "instruction_placement": "label",
  "key": "group_66cf1b5957055",
  "label_placement": "top",
  "location": [
    [
      {
        "operator": "==",
        "param": "post_type",
        "value": "fineart"
      }
    ]
  ],
  "menu_order": 0,
  "position": "normal",
  "show_in_rest": 1,
  "style": "default",
  "title": "Project • Fine Art",
  "modified": 1757753322
}
