{
  "key": "group_menu_icon",
  "title": "Menu Icon",
  "fields": [
    {
      "key": "field_menu_icon_select",
      "label": "Icon (library)",
      "name": "menu_icon",
      "type": "select",
      "instructions": "",
      "required": 0,
      "conditional_logic": 0,
      "wrapper": { "width": "", "class": "", "id": "" },
      "choices": [],
      "default_value": "",
      "return_format": "value",
      "multiple": 0,
      "allow_null": 1,
      "allow_in_bindings": 0,
      "ui": 1,
      "ajax": 0,
      "placeholder": "— No icon —",
      "create_options": 0,
      "save_options": 0,
      "aria-label": ""
    }
  ],
  "location": [
    [
      { "param": "nav_menu_item", "operator": "==", "value": "all" }
    ]
  ],
  "menu_order": 0,
  "position": "side",
  "style": "default",
  "label_placement": "top",
  "instruction_placement": "label",
  "hide_on_screen": "",
  "active": true,
  "description": "",
  "show_in_rest": 0,
  "modified": 1757760003
}
