{
  "key": "group_page_color_settings",
  "title": "Page Color Settings",
  "description": "Page color controls apply contextual colors to icons, featured SVGs, and interface elements. You can select a color and apply it selectively using checkboxes.",
  "fields": [
    {
      "key": "field_page_color",
      "label": "Page Color",
      "name": "page_color",
      "type": "select",
      "choices": {
        "default": "Default",
        "primary": "Primary",
        "secondary": "Secondary",
        "tertiary": "Tertiary",
        "blue": "Blue",
        "red": "Red",
        "green": "Green",
        "yellow": "Yellow",
        "pink": "Pink",
        "cyan": "Cyan"
      },
      "default_value": "default",
      "ui": 1,
      "instructions": "Used for color override",
      "wrapper": {
        "class": "",
        "id": "",
        "width": ""
      }
    },
    {
      "key": "field_page_color_targets",
      "label": "Apply color to",
      "name": "page_color_targets",
      "type": "checkbox",
      "layout": "vertical",
      "choices": {
        "icon": "Icon",
        "featured_svg": "Featured SVG",
        "primary": "Primary color"
      },
      "default_value": [],
      "instructions": "Choose where to apply the selected color",
      "wrapper": {
        "class": "",
        "id": "",
        "width": ""
      }
    }
  ],
  "location": [
    [{ "param": "post_type", "operator": "==", "value": "page" }],
    [{ "param": "post_type", "operator": "==", "value": "post" }],
    [{ "param": "post_type", "operator": "==", "value": "fineart" }],
    [{ "param": "post_type", "operator": "==", "value": "modeling" }]
  ],
  "menu_order": 0,
  "position": "side",
  "style": "default",
  "label_placement": "top",
  "instruction_placement": "label",
  "hide_on_screen": "",
  "active": true,
  "show_in_rest": 0,
  "modified": 1757759999
}