{
  "key": "group_term_icon",
  "title": "Content Icon (Term)",
  "description": "",
  "active": true,
  "style": "default",
  "label_placement": "top",
  "instruction_placement": "label",
  "hide_on_screen": "",
  "show_in_rest": 0,
  "menu_order": 0,
  "modified": 1757760003,
  "fields": [
    {
      "key": "field_term_content_icon_source",
      "label": "Icon source",
      "name": "content_icon_source",
      "type": "radio",
      "instructions": "",
      "required": 0,
      "conditional_logic": 0,
      "wrapper": { "width": "", "class": "", "id": "" },
      "choices": { "none": "No icon", "sprite": "Theme icon", "media": "Media Library" },
      "default_value": "none",
      "allow_null": 0,
      "other_choice": 0,
      "save_other_choice": 0,
      "layout": "horizontal",
      "return_format": "value",
      "allow_in_bindings": 0,
      "aria-label": ""
    },
    {
      "key": "field_term_icon_name",
      "label": "Icon (library)",
      "name": "term_icon_name",
      "type": "select",
      "instructions": "Choose from theme icon set. Takes priority over upload.",
      "required": 0,
      "conditional_logic": [
        [
          { "field": "field_term_content_icon_source", "operator": "==", "value": "sprite" }
        ]
      ],
      "wrapper": { "width": "", "class": "", "id": "" },
      "choices": [],
      "default_value": "",
      "return_format": "value",
      "multiple": 0,
      "allow_null": 1,
      "allow_in_bindings": 0,
      "ui": 1,
      "ajax": 0,
      "placeholder": "— No icon —",
      "create_options": 0,
      "save_options": 0,
      "aria-label": ""
    },
    {
      "key": "field_term_icon_media",
      "label": "Custom Icon (upload)",
      "name": "term_icon_media",
      "type": "image",
      "instructions": "SVG only. Used only if no library icon selected.",
      "required": 0,
      "conditional_logic": [
        [
          { "field": "field_term_content_icon_source", "operator": "==", "value": "media" }
        ]
      ],
      "wrapper": { "width": "", "class": "", "id": "" },
      "return_format": "id",
      "library": "all",
      "min_width": "",
      "min_height": "",
      "min_size": "",
      "max_width": "",
      "max_height": "",
      "max_size": "",
      "mime_types": "svg",
      "allow_in_bindings": 0,
      "preview_size": "medium",
      "aria-label": ""
    }
  ],
  "location": [
    [
      { "operator": "==", "param": "taxonomy", "value": "category" }
    ],
    [
      { "operator": "==", "param": "taxonomy", "value": "post_tag" }
    ]
  ]
}