{
  "version": 2,
  "settings": {
    "color": {
      "custom": false,
      "customGradient": false,
      "defaultPalette": false,
      "palette": [
        { "slug": "blue", "color": "#4CABFF", "name": "Blue" },
        { "slug": "indigo", "color": "#4083FF", "name": "Indigo" },
        { "slug": "purple", "color": "#DC40FF", "name": "Purple" },
        { "slug": "pink", "color": "#FF40A6", "name": "Pink" },
        { "slug": "red", "color": "#FF4747", "name": "Red" },
        { "slug": "orange", "color": "#FFA340", "name": "Orange" },
        { "slug": "yellow", "color": "#F3D040", "name": "Yellow" },
        { "slug": "green", "color": "#40E184", "name": "Green" },
        { "slug": "teal", "color": "#40E8DD", "name": "Teal" },
        { "slug": "cyan", "color": "#40CFFF", "name": "Cyan" },
        { "slug": "black", "color": "#131317", "name": "Black" },
        { "slug": "white", "color": "#F9F9F9", "name": "White" },
        { "slug": "gray", "color": "#5A5C68", "name": "Gray" },
        { "slug": "gray-dark", "color": "#25252C", "name": "Gray dark" },
        { "slug": "gray-100", "color": "#F9F9F9", "name": "Gray 100" },
        { "slug": "gray-200", "color": "#E5E6E9", "name": "Gray 200" },
        { "slug": "gray-300", "color": "#B8B9C2", "name": "Gray 300" },
        { "slug": "gray-400", "color": "#9EA0AC", "name": "Gray 400" },
        { "slug": "gray-500", "color": "#7D8090", "name": "Gray 500" },
        { "slug": "gray-600", "color": "#5A5C68", "name": "Gray 600" },
        { "slug": "gray-700", "color": "#4E505A", "name": "Gray 700" },
        { "slug": "gray-800", "color": "#25252C", "name": "Gray 800" },
        { "slug": "gray-900", "color": "#131317", "name": "Gray 900" },
        { "slug": "primary", "color": "#4CABFF", "name": "Primary" },
        { "slug": "secondary", "color": "#7D8090", "name": "Secondary" },
        { "slug": "success", "color": "#40E184", "name": "Success" },
        { "slug": "info", "color": "#40CFFF", "name": "Info" },
        { "slug": "warning", "color": "#F3D040", "name": "Warning" },
        { "slug": "danger", "color": "#FF4747", "name": "Danger" },
        { "slug": "light", "color": "#F9F9F9", "name": "Light" },
        { "slug": "dark", "color": "#25252C", "name": "Dark" }
      ]
    }
  }
}
